# lint-allow.tsv — ngoại lệ CÓ CHỦ ĐÍCH của code-lint.py (mục 9.4). Rỗng lúc W0: mọi vi phạm đều là lỗi. Mỗi dòng thêm ở cổng đợt, kèm V-n.
# Mỗi dòng 4 cột cách nhau bằng TAB; thiếu lý do thì code-lint.py từ chối đọc file.
#   <luật>          id luật in trong ngoặc vuông của code-lint.py (vd class-not-sealed, display-dialog, clock-direct)
#   <glob>          đường dẫn từ gốc repo, glob kiểu fnmatch (`*` khớp cả '/'), vd Packages/com.dreamtech.liveops/Editor/Hub/Services/LiveOpsHubEditorAdapters.cs
#   <ký hiệu|*>     tên lớp/định danh bị bắt (vd LiveEventCalendarEdit) hoặc * cho mọi ký hiệu của luật trong file đó
#   <lý do>         vì sao ngoại lệ đúng (dẫn mục kế hoạch), vd "lớp gốc trừu tượng của họ lệnh đóng — mục 3.1"
# Ví dụ (đã comment):
# class-not-sealed	Packages/com.dreamtech.liveops/Editor/Hub/Dialogs/LiveOpsPopoverContent.cs	LiveOpsPopoverContent	lớp gốc popover không abstract được vì PopupWindowContent cần hàm mặc định — mục 3.3 (lớp abstract/static/sealed không cần dòng này)
# clock-direct	Packages/com.dreamtech.liveops/Editor/Hub/Services/LiveOpsHubEditorAdapters.cs	*	adapter đồng hồ thật của Editor là nơi duy nhất đọc DateTime.UtcNow — mục 3.3
display-text-only-in-catalog	Packages/com.dreamtech.liveops/Editor/Hub/Services/LiveOpsHubPreviewSample.cs	*	chữ dữ liệu mẫu phải trùng fixture, không miễn cho chữ khung — tên 5 loại + ghi chú dấu đã đăng trùng từng ký tự fixture LiveOpsDesignSample (test PreviewSample_EqualsDesignSampleFixture, mục 8); chữ cửa sổ mẫu của G-SHELLPOLISH vẫn vào LiveOpsHubStrings.* (CC-PREVIEW-1, V-22)
display-text-only-in-catalog	Packages/com.dreamtech.liveops/Editor/Hub/Foundation/Language/LiveOpsHubStringTable.cs	*	hai câu lỗi lập trình của chính bảng chữ, KHÔNG đi qua catalog được vì chúng ném ra trong lúc bảng đang dựng (tra catalog lúc đó là gọi lại BuildTable giữa chừng) — và không bao giờ hiện trên UI: bảng hỏng là hub không dựng được (G-I18N §1.2, V-28)
display-dialog	Packages/com.dreamtech.liveops/Editor/Hub/Services/LiveOpsHubPasteRunningJsonAction.cs	*	hộp "Không tạo được asset: …" là hộp KHÔNG phá huỷ, mục 7.0 giữ EditorUtility.DisplayDialog đúng cho ca này (V-14 bước 4); đường tạo asset đã bị chặn nên test không bao giờ chạm tới nhánh này — hộp xác nhận thật vẫn đi qua ILiveOpsHubConfirmationPresenter
